Active Ingredient,Disease/Use Case,Days Until Expiry,UPC,Quantity,Manufacturer,Batch Number,Price
Paracetamol,Allergy,916,541508000000,232,MediLife,BATCH6744,335.59
Ibuprofen,Blood Clot Prevention,1064,495925000000,275,CureWell,BATCH2900,311.96
Aspirin,Cancer,795,558615000000,189,MediLife,BATCH7980,103.29
Amoxicillin,Blood Pressure,1038,910017000000,245,BioCare,BATCH8069,145.35
Metformin,Cancer,1045,540002000000,297,PharmaCorp,BATCH4415,189.95
Atorvastatin,Infection,778,419800000000,136,BioCare,BATCH1442,125.12
Omeprazole,Bacterial Infection,945,475095000000,159,CureWell,BATCH7218,159.68
Cetirizine,Blood Clot Prevention,902,525815000000,275,BioCare,BATCH5652,170.42
Lisinopril,Allergy,1035,751336000000,127,BioCare,BATCH8939,201.05
Ciprofloxacin,Blood Clot Prevention,1016,740192000000,296,BioCare,BATCH8833,387.23
Doxycycline,Bacterial Infection,1075,107396000000,180,CureWell,BATCH8597,307.36
Clarithromycin,Blood Pressure,1010,258917000000,213,BioCare,BATCH5458,493.81
Simvastatin,Seizures,936,924600000000,139,MediLife,BATCH7591,236.63
Losartan,Bacterial Infection,845,188551000000,144,CureWell,BATCH3309,389.24
Levothyroxine,Seizures,935,974505000000,161,BioCare,BATCH7268,442.16
Prednisone,Heart Health,754,190225000000,192,CureWell,BATCH1910,355.54
Azithromycin,Mental Health,1035,308412000000,214,HealthPlus,BATCH5340,235.34
Clopidogrel,Cholesterol,942,350825000000,285,MediLife,BATCH5009,389.12
Furosemide,Fever,970,826050000000,166,BioCare,BATCH7628,141.65
Gabapentin,Respiratory Infection,953,990058000000,155,HealthPlus,BATCH3169,197.4
Hydrochlorothiazide,Acidity,816,912138000000,139,HealthPlus,BATCH3172,296.01
Warfarin,Thyroid,1075,849980000000,197,CureWell,BATCH6668,308.93
Insulin,Throat Infection,888,316391000000,139,HealthPlus,BATCH7313,59.96
Ranitidine,Heart Health,934,336151000000,190,MediLife,BATCH9315,475.3
Erythromycin,Seizures,936,372588000000,132,MediLife,BATCH9036,363.48
Sildenafil,Seizures,892,662039000000,105,PharmaCorp,BATCH7789,273.07
Naproxen,Autoimmune Disorder,736,317670000000,246,MediLife,BATCH1785,469.91
Morphine,Inflammation,799,187834000000,179,HealthPlus,BATCH7139,247.59
Tramadol,Acidity,961,813022000000,267,MediLife,BATCH7344,491.2
Codeine,Mental Health,1078,666687000000,191,CureWell,BATCH3416,280.53
Pantoprazole,Blood Clot Prevention,998,355822000000,196,PharmaCorp,BATCH9988,101.43
Esomeprazole,Bacterial Infection,979,134428000000,158,HealthPlus,BATCH5154,394.16
Tamsulosin,Blood Clot Prevention,1020,324330000000,158,PharmaCorp,BATCH6619,355.5
Amlodipine,Respiratory Infection,908,457517000000,147,HealthPlus,BATCH2936,397.84
Bisoprolol,Respiratory Infection,769,575381000000,268,CureWell,BATCH4807,478.15
Carvedilol,Pain Relief,750,953023000000,112,PharmaCorp,BATCH8151,399.42
Metoprolol,Bacterial Infection,916,848069000000,206,BioCare,BATCH4236,325.1
Digoxin,Pain Relief,976,982148000000,144,HealthPlus,BATCH3352,435.79
Fluoxetine,Inflammation,908,800862000000,188,BioCare,BATCH2932,352.96
Sertraline,Pain Relief,1040,545626000000,280,PharmaCorp,BATCH9556,233.65
Citalopram,Infection,809,106121000000,269,BioCare,BATCH5916,448.53
Diazepam,Fever,937,672124000000,199,BioCare,BATCH6498,149.86
Lorazepam,Respiratory Infection,773,553410000000,290,PharmaCorp,BATCH1946,371.59
Clonazepam,Inflammation,979,327768000000,254,CureWell,BATCH2439,446.7
Alprazolam,Pain Relief,863,919661000000,265,BioCare,BATCH8730,379.09
Zolpidem,Respiratory Infection,1047,793187000000,287,BioCare,BATCH5857,363.77
Ketoconazole,Throat Infection,827,915729000000,106,CureWell,BATCH1340,388.69
Itraconazole,Infection,969,158958000000,232,BioCare,BATCH1382,259.27
Fluconazole,Inflammation,896,303266000000,144,BioCare,BATCH9491,443.38
Terbinafine,Allergy,830,957149000000,157,BioCare,BATCH1138,141.55
Acetazolamide,Inflammation,919,271131000000,130,MediLife,BATCH1358,107.32
Allopurinol,Diabetes,733,992268000000,122,CureWell,BATCH5931,178.48
Colchicine,Blood Pressure,997,450210000000,269,BioCare,BATCH4456,289.21
Methotrexate,Acidity,1040,325858000000,237,CureWell,BATCH2627,279.75
Hydroxychloroquine,Blood Pressure,904,761276000000,259,HealthPlus,BATCH7626,419.27
Chloroquine,Thyroid,1021,629466000000,206,HealthPlus,BATCH6004,232.06
Cyclophosphamide,Cholesterol,765,273071000000,280,BioCare,BATCH7652,267.95
Tacrolimus,Inflammation,826,160839000000,257,CureWell,BATCH7416,56.02
Cyclosporine,Skin Infection,947,374945000000,138,CureWell,BATCH4170,234.38
Mycophenolate,Thyroid,1073,402466000000,258,CureWell,BATCH4835,341.5
Prednisolone,Diabetes,916,475358000000,181,MediLife,BATCH9017,56.98
Budesonide,Thyroid,782,693560000000,199,HealthPlus,BATCH3151,176.4
Formoterol,Fever,970,446653000000,101,CureWell,BATCH7905,143.58
Salmeterol,Allergy,810,799178000000,176,CureWell,BATCH3834,68.89
Montelukast,Throat Infection,989,240042000000,111,MediLife,BATCH3567,265.67
Cetuximab,Allergy,747,121158000000,138,MediLife,BATCH2307,131.78
Bevacizumab,Thyroid,774,275728000000,293,CureWell,BATCH9848,384.39
Adalimumab,Inflammation,846,679177000000,112,PharmaCorp,BATCH3660,431.57
Infliximab,Skin Infection,1022,406873000000,145,CureWell,BATCH4730,295.51
Etanercept,Pain Relief,860,791900000000,254,CureWell,BATCH7207,491.77
Rituximab,Cancer,1075,303456000000,212,MediLife,BATCH4162,252.72
Imatinib,Seizures,926,747118000000,116,MediLife,BATCH2140,281.02
Dasatinib,Acidity,957,523446000000,203,CureWell,BATCH9458,495.15
Sunitinib,Autoimmune Disorder,1020,543562000000,197,CureWell,BATCH2708,154.2
Erlotinib,Blood Pressure,1034,926278000000,287,CureWell,BATCH4630,474.15
Gefitinib,Heart Health,985,533670000000,291,MediLife,BATCH4211,69.28
Paclitaxel,Fever,901,984114000000,187,CureWell,BATCH7538,250.87
Docetaxel,Heart Health,864,103100000000,208,CureWell,BATCH1475,81.5
Vincristine,Pain Relief,1093,538260000000,262,BioCare,BATCH8684,378.16
Vinblastine,Seizures,862,687168000000,169,PharmaCorp,BATCH2207,323.78
Doxorubicin,Cancer,951,160606000000,257,HealthPlus,BATCH2960,367.99
Cisplatin,Infection,794,277981000000,298,PharmaCorp,BATCH1557,218.52
Carboplatin,Fever,972,977040000000,173,BioCare,BATCH1882,216.27
Oxaliplatin,Mental Health,835,370135000000,162,HealthPlus,BATCH5761,70.39
Gemcitabine,Acidity,953,321463000000,255,CureWell,BATCH6867,207.48
Capecitabine,Acidity,819,511009000000,159,BioCare,BATCH7963,468.18
5-Fluorouracil,Diabetes,913,746841000000,178,CureWell,BATCH8166,220.65
Methadone,Fever,1064,831017000000,136,MediLife,BATCH8929,424.12
Buprenorphine,Cancer,1025,254373000000,121,BioCare,BATCH6347,429.05
Ketamine,Throat Infection,945,785472000000,295,MediLife,BATCH8269,217.96
Lidocaine,Seizures,798,901848000000,247,BioCare,BATCH9125,334.39
Bupivacaine,Fever,1023,468854000000,195,BioCare,BATCH3454,92.92
Propranolol,Bacterial Infection,1014,381854000000,167,MediLife,BATCH5494,96.66
Enalapril,Allergy,918,290248000000,291,HealthPlus,BATCH2946,71.9
Ramipril,Respiratory Infection,1087,890727000000,116,PharmaCorp,BATCH3808,311.46
Perindopril,Cholesterol,882,673191000000,111,CureWell,BATCH7642,241.73
Telmisartan,Blood Clot Prevention,1069,216902000000,249,BioCare,BATCH4825,296.61
Valsartan,Acidity,1026,286472000000,244,CureWell,BATCH4536,284.48
Olmesartan,Mental Health,1034,228348000000,237,MediLife,BATCH7068,207.59
Candersartan,Skin Infection,988,419221000000,217,CureWell,BATCH4802,354.86
Spironolactone,Blood Clot Prevention,1047,492372000000,292,MediLife,BATCH5699,391.33
Eplerenone,Fever,845,618178000000,121,CureWell,BATCH2970,56.58
Drug_103,Acidity,800,911751000000,219,PharmaCorp,BATCH6806,143.26
Drug_104,Cancer,1044,595436000000,149,PharmaCorp,BATCH7142,370.96
Drug_105,Diabetes,981,538794000000,113,PharmaCorp,BATCH3819,223.98
Drug_106,Thyroid,786,956992000000,291,PharmaCorp,BATCH1364,348.12
Drug_107,Acidity,930,686198000000,274,PharmaCorp,BATCH5258,206.13
Drug_108,Inflammation,910,807349000000,128,PharmaCorp,BATCH4119,225.84
Drug_109,Seizures,919,315905000000,263,MediLife,BATCH2863,121.41
Drug_110,Heart Health,944,835488000000,279,BioCare,BATCH1115,166.2
Drug_111,Thyroid,816,985486000000,224,CureWell,BATCH8084,322.44
Drug_112,Inflammation,997,603451000000,106,PharmaCorp,BATCH9016,244.92
Drug_113,Inflammation,749,510419000000,128,MediLife,BATCH3384,398.44
Drug_114,Respiratory Infection,841,581315000000,238,MediLife,BATCH4935,433.66
Drug_115,Bacterial Infection,764,320104000000,132,MediLife,BATCH8742,293.74
Drug_116,Pain Relief,1034,657110000000,233,BioCare,BATCH6442,391.22
Drug_117,Heart Health,991,581672000000,210,CureWell,BATCH3490,188.11
Drug_118,Blood Clot Prevention,944,585322000000,178,BioCare,BATCH7980,236.74
Drug_119,Inflammation,1022,444743000000,259,HealthPlus,BATCH8661,370.75
Drug_120,Mental Health,912,585231000000,278,MediLife,BATCH2724,223.8
Drug_121,Fever,799,655816000000,157,HealthPlus,BATCH9182,314.83
Drug_122,Mental Health,773,327775000000,125,PharmaCorp,BATCH3767,133.42
Drug_123,Allergy,949,729989000000,273,PharmaCorp,BATCH2137,319.9
Drug_124,Thyroid,1016,656331000000,128,BioCare,BATCH5117,437.68
Drug_125,Mental Health,1059,836363000000,103,CureWell,BATCH4420,440.89
Drug_126,Mental Health,929,785274000000,198,HealthPlus,BATCH6845,375.95
Drug_127,Inflammation,868,785445000000,240,CureWell,BATCH5778,385.59
Drug_128,Mental Health,775,388110000000,138,BioCare,BATCH4906,301.07
Drug_129,Fever,931,969171000000,114,PharmaCorp,BATCH4637,313.1
Drug_130,Skin Infection,749,625026000000,218,CureWell,BATCH3953,110.14
Drug_131,Fever,1000,200804000000,128,CureWell,BATCH6929,249.74
Drug_132,Cancer,1016,598145000000,256,PharmaCorp,BATCH1276,252.85
Drug_133,Autoimmune Disorder,730,947821000000,174,HealthPlus,BATCH2999,481.32
Drug_134,Thyroid,770,696212000000,215,PharmaCorp,BATCH2227,243.99
Drug_135,Respiratory Infection,883,512964000000,131,CureWell,BATCH7337,297.2
Drug_136,Pain Relief,931,630464000000,229,HealthPlus,BATCH4735,289.96
Drug_137,Fever,809,399341000000,274,HealthPlus,BATCH1695,336.54
Drug_138,Diabetes,817,498824000000,183,PharmaCorp,BATCH5152,386.7
Drug_139,Respiratory Infection,1058,732760000000,121,CureWell,BATCH8901,151.27
Drug_140,Throat Infection,922,899810000000,126,BioCare,BATCH8470,287.93
Drug_141,Mental Health,822,730120000000,294,CureWell,BATCH8537,421.66
Drug_142,Bacterial Infection,984,936700000000,180,MediLife,BATCH3841,258.4
Drug_143,Inflammation,844,728563000000,225,BioCare,BATCH5208,175.31
Drug_144,Respiratory Infection,857,508435000000,283,HealthPlus,BATCH9733,344.62
Drug_145,Thyroid,1006,323083000000,191,BioCare,BATCH2088,420.7
Drug_146,Seizures,948,788902000000,120,HealthPlus,BATCH4363,78.41
Drug_147,Seizures,865,647685000000,146,HealthPlus,BATCH1024,399.56
Drug_148,Heart Health,980,451490000000,200,BioCare,BATCH7144,419.74
Drug_149,Cholesterol,1014,652658000000,286,HealthPlus,BATCH6668,257.69
Drug_150,Throat Infection,895,746571000000,183,HealthPlus,BATCH5236,492.49
Drug_151,Seizures,928,521888000000,105,MediLife,BATCH9068,404.02
Drug_152,Bacterial Infection,1043,486470000000,246,CureWell,BATCH3235,398.15
Drug_153,Autoimmune Disorder,1084,354523000000,284,CureWell,BATCH8295,386.53
Drug_154,Infection,859,108574000000,296,MediLife,BATCH9392,117.77
Drug_155,Skin Infection,1087,306010000000,230,BioCare,BATCH9448,147.75
Drug_156,Bacterial Infection,1074,699398000000,100,PharmaCorp,BATCH4747,258.8
Drug_157,Diabetes,884,258410000000,157,PharmaCorp,BATCH4175,168.8
Drug_158,Respiratory Infection,1067,135557000000,223,PharmaCorp,BATCH5897,236.86
Drug_159,Cholesterol,1053,523915000000,265,MediLife,BATCH6037,449.81
Drug_160,Throat Infection,872,305500000000,114,MediLife,BATCH8427,420.95
Drug_161,Inflammation,853,662024000000,261,HealthPlus,BATCH9605,333.52
Drug_162,Heart Health,859,750277000000,288,PharmaCorp,BATCH3014,436.15
Drug_163,Allergy,886,614914000000,262,BioCare,BATCH2381,402.7
Drug_164,Pain Relief,968,752195000000,163,BioCare,BATCH2098,243.04
Drug_165,Cholesterol,867,421846000000,124,PharmaCorp,BATCH4426,140.48
Drug_166,Fever,845,958072000000,123,PharmaCorp,BATCH4655,281.39
Drug_167,Seizures,733,811543000000,111,PharmaCorp,BATCH8938,381.3
Drug_168,Cancer,1095,458976000000,117,MediLife,BATCH1187,246.39
Drug_169,Acidity,774,525089000000,114,MediLife,BATCH6409,350.05
Drug_170,Cancer,984,496356000000,126,MediLife,BATCH3092,92.45
Drug_171,Infection,894,646772000000,171,CureWell,BATCH3130,386.6
Drug_172,Blood Clot Prevention,966,449978000000,159,BioCare,BATCH6242,415.72
Drug_173,Throat Infection,984,329559000000,273,BioCare,BATCH9549,368.08
Drug_174,Bacterial Infection,1022,993329000000,244,HealthPlus,BATCH6647,485.27
Drug_175,Acidity,830,822310000000,192,MediLife,BATCH6185,421.99
Drug_176,Infection,1041,787272000000,152,CureWell,BATCH6776,456.39
Drug_177,Fever,1025,239560000000,107,CureWell,BATCH8913,470.11
Drug_178,Allergy,935,186667000000,178,BioCare,BATCH8547,410.61
Drug_179,Mental Health,795,732934000000,126,MediLife,BATCH8823,353.42
Drug_180,Throat Infection,805,648657000000,273,HealthPlus,BATCH8355,52.57
Drug_181,Respiratory Infection,972,678622000000,149,MediLife,BATCH7465,259.62
Drug_182,Respiratory Infection,1014,719798000000,298,PharmaCorp,BATCH2497,307.02
Drug_183,Seizures,782,239769000000,230,MediLife,BATCH3555,186.81
Drug_184,Blood Clot Prevention,989,974064000000,192,PharmaCorp,BATCH6409,193.15
Drug_185,Infection,891,592359000000,291,PharmaCorp,BATCH3951,482.52
Drug_186,Bacterial Infection,1008,607882000000,271,HealthPlus,BATCH2238,451.27
Drug_187,Heart Health,967,263118000000,280,BioCare,BATCH5727,432.13
Drug_188,Cancer,743,565947000000,123,MediLife,BATCH4965,232.71
Drug_189,Fever,791,881281000000,159,PharmaCorp,BATCH6686,56.16
Drug_190,Bacterial Infection,932,213535000000,221,MediLife,BATCH4701,86.1
Drug_191,Inflammation,972,227325000000,230,BioCare,BATCH3780,190.49
Drug_192,Cancer,1072,218837000000,247,BioCare,BATCH8398,57.08
Drug_193,Fever,953,924050000000,145,CureWell,BATCH2588,57.72
Drug_194,Allergy,976,942802000000,114,BioCare,BATCH3368,462.47
Drug_195,Blood Pressure,1083,359842000000,252,HealthPlus,BATCH6789,367.77
Drug_196,Cholesterol,759,729522000000,298,PharmaCorp,BATCH1436,189.03
Drug_197,Heart Health,1057,249330000000,116,CureWell,BATCH3828,109.69
Drug_198,Inflammation,1056,306346000000,225,HealthPlus,BATCH2556,280.24
Drug_199,Skin Infection,1021,172991000000,183,MediLife,BATCH8570,52.41
Drug_200,Skin Infection,807,602011000000,108,PharmaCorp,BATCH8480,472.29
Drug_201,Cancer,1056,524118000000,265,BioCare,BATCH1182,236.67
Drug_202,Mental Health,801,200205000000,275,PharmaCorp,BATCH8190,231.05
Drug_203,Cancer,979,875552000000,287,MediLife,BATCH7687,225.77
Drug_204,Blood Pressure,760,525117000000,162,CureWell,BATCH6565,81.2
Drug_205,Autoimmune Disorder,847,917357000000,216,CureWell,BATCH8241,337.25
Drug_206,Inflammation,744,647062000000,229,CureWell,BATCH8651,379.85
Drug_207,Autoimmune Disorder,888,204774000000,187,BioCare,BATCH6575,354.26
Drug_208,Fever,1055,348808000000,171,HealthPlus,BATCH2589,112.3
Drug_209,Infection,831,542684000000,238,HealthPlus,BATCH9851,310.48
Drug_210,Infection,872,199682000000,163,PharmaCorp,BATCH1159,306.27
Drug_211,Respiratory Infection,1038,236027000000,171,BioCare,BATCH7555,440.78
Drug_212,Throat Infection,926,466613000000,120,CureWell,BATCH9244,220.61
Drug_213,Throat Infection,961,930020000000,117,CureWell,BATCH7846,217.17
Drug_214,Cholesterol,898,762693000000,163,MediLife,BATCH3307,328.34
Drug_215,Acidity,873,655436000000,181,MediLife,BATCH2228,334.88
Drug_216,Blood Clot Prevention,786,172364000000,209,CureWell,BATCH8226,261.18
Drug_217,Allergy,842,787782000000,194,CureWell,BATCH6590,249.38
Drug_218,Acidity,870,283433000000,265,BioCare,BATCH7919,272.37
Drug_219,Allergy,768,853994000000,131,HealthPlus,BATCH6585,437.47
Drug_220,Diabetes,796,522007000000,110,MediLife,BATCH7046,257.53
Drug_221,Thyroid,999,755461000000,144,HealthPlus,BATCH5945,472.97
Drug_222,Cancer,954,151890000000,132,BioCare,BATCH8927,276.8
Drug_223,Cancer,1049,343215000000,201,CureWell,BATCH8016,477.14
Drug_224,Throat Infection,1035,839569000000,268,HealthPlus,BATCH8758,424.77
Drug_225,Acidity,957,375183000000,235,CureWell,BATCH6086,213.09
Drug_226,Infection,959,714398000000,110,CureWell,BATCH8161,438.64
Drug_227,Mental Health,932,975686000000,278,PharmaCorp,BATCH2884,99.53
Drug_228,Autoimmune Disorder,874,493328000000,187,HealthPlus,BATCH2809,466.27
Drug_229,Cholesterol,856,381056000000,140,HealthPlus,BATCH4167,334.24
Drug_230,Allergy,1042,466482000000,244,CureWell,BATCH7352,74.48
Drug_231,Heart Health,760,753501000000,175,BioCare,BATCH7056,339.92
Drug_232,Diabetes,884,370505000000,220,PharmaCorp,BATCH3437,488.41
Drug_233,Throat Infection,1058,636179000000,145,CureWell,BATCH7468,81.41
Drug_234,Throat Infection,789,348509000000,259,MediLife,BATCH6951,299.61
Drug_235,Skin Infection,899,466147000000,179,MediLife,BATCH6276,386.51
Drug_236,Infection,809,868966000000,153,PharmaCorp,BATCH9859,414.62
Drug_237,Fever,775,397655000000,185,BioCare,BATCH8818,236.22
Drug_238,Cholesterol,782,329940000000,191,CureWell,BATCH5728,141.87
Drug_239,Blood Pressure,1087,904562000000,247,HealthPlus,BATCH3624,69.05
Drug_240,Mental Health,1020,324505000000,260,PharmaCorp,BATCH6738,310.88
Drug_241,Seizures,1007,119144000000,267,BioCare,BATCH5232,253.81
Drug_242,Cancer,1067,941135000000,259,HealthPlus,BATCH6793,476.93
Drug_243,Infection,912,564691000000,196,MediLife,BATCH5523,77.27
Drug_244,Throat Infection,1053,595688000000,101,MediLife,BATCH6571,358.43
Drug_245,Respiratory Infection,953,300573000000,132,HealthPlus,BATCH3224,61.23
Drug_246,Fever,936,332522000000,257,PharmaCorp,BATCH9389,127.15
Drug_247,Mental Health,976,319613000000,260,MediLife,BATCH7091,254.11
Drug_248,Blood Pressure,891,155704000000,176,CureWell,BATCH9662,254.69
Drug_249,Fever,852,631350000000,215,HealthPlus,BATCH7361,358.57
Drug_250,Cholesterol,750,774486000000,253,HealthPlus,BATCH2948,459.6
Drug_251,Seizures,951,720188000000,249,MediLife,BATCH8094,337.56
Drug_252,Throat Infection,891,368150000000,202,PharmaCorp,BATCH7318,479.09
Drug_253,Respiratory Infection,881,494038000000,293,CureWell,BATCH4796,446.73
Drug_254,Respiratory Infection,842,882761000000,265,PharmaCorp,BATCH1234,313.02
Drug_255,Respiratory Infection,1090,598564000000,202,BioCare,BATCH4607,425.21
Drug_256,Cancer,931,196329000000,189,BioCare,BATCH9043,339.16
Drug_257,Thyroid,912,687073000000,273,MediLife,BATCH1522,85.35
Drug_258,Autoimmune Disorder,928,348744000000,221,MediLife,BATCH6904,383.25
Drug_259,Throat Infection,1021,101900000000,242,MediLife,BATCH5888,92.71
Drug_260,Skin Infection,881,242764000000,205,BioCare,BATCH6832,317.34
Drug_261,Bacterial Infection,903,637274000000,218,PharmaCorp,BATCH8122,366.19
Drug_262,Allergy,791,302649000000,271,PharmaCorp,BATCH6842,79.94
Drug_263,Seizures,1017,600958000000,148,MediLife,BATCH2316,153.86
Drug_264,Respiratory Infection,1036,166644000000,203,CureWell,BATCH2124,462.05
Drug_265,Fever,885,917915000000,160,PharmaCorp,BATCH6621,327.34
Drug_266,Throat Infection,1013,193330000000,294,BioCare,BATCH6423,160.83
Drug_267,Skin Infection,794,424554000000,222,HealthPlus,BATCH3587,360.81
Drug_268,Blood Pressure,1036,714862000000,233,HealthPlus,BATCH6672,318.55
Drug_269,Cancer,934,891742000000,108,HealthPlus,BATCH2378,275.71
Drug_270,Seizures,1073,980863000000,105,CureWell,BATCH4374,489.28
Drug_271,Autoimmune Disorder,749,392462000000,172,MediLife,BATCH2519,357.55
Drug_272,Fever,843,971952000000,202,BioCare,BATCH6777,218.95
Drug_273,Pain Relief,731,855085000000,259,CureWell,BATCH8935,410.03
Drug_274,Allergy,733,264696000000,140,BioCare,BATCH7093,448.06
Drug_275,Infection,837,239435000000,213,BioCare,BATCH9418,106.35
Drug_276,Blood Pressure,820,194696000000,107,MediLife,BATCH6355,140.25
Drug_277,Respiratory Infection,1094,142731000000,171,HealthPlus,BATCH5968,147.3
Drug_278,Cancer,895,395866000000,277,MediLife,BATCH6574,361.05
Drug_279,Mental Health,877,242854000000,191,CureWell,BATCH5072,321.37
Drug_280,Acidity,1061,896721000000,161,CureWell,BATCH3257,328.55
Drug_281,Diabetes,1082,102317000000,183,CureWell,BATCH9588,473.35
Drug_282,Throat Infection,1041,394995000000,161,MediLife,BATCH5424,399.16
Drug_283,Thyroid,745,115530000000,210,BioCare,BATCH4237,107.57
Drug_284,Heart Health,836,202838000000,226,BioCare,BATCH4893,206.38
Drug_285,Heart Health,918,648194000000,106,PharmaCorp,BATCH3005,245.93
Drug_286,Acidity,1025,751448000000,183,CureWell,BATCH3016,228.18
Drug_287,Blood Clot Prevention,856,862672000000,231,BioCare,BATCH2772,351.19
Drug_288,Fever,765,628833000000,233,PharmaCorp,BATCH9353,451.35
Drug_289,Seizures,852,790679000000,157,BioCare,BATCH4976,187.72
Drug_290,Fever,888,868029000000,121,CureWell,BATCH2751,298.34
Drug_291,Cancer,943,532185000000,253,HealthPlus,BATCH9967,405.23
Drug_292,Autoimmune Disorder,914,386992000000,226,CureWell,BATCH8430,237.3
Drug_293,Acidity,765,789993000000,102,MediLife,BATCH8170,125.65
Drug_294,Seizures,1087,414420000000,226,BioCare,BATCH7469,263.73
Drug_295,Bacterial Infection,813,285860000000,140,BioCare,BATCH4220,74.85
Drug_296,Pain Relief,755,702217000000,287,MediLife,BATCH1539,474.07
Drug_297,Respiratory Infection,1054,505347000000,205,MediLife,BATCH2461,83.67
Drug_298,Inflammation,770,654218000000,113,HealthPlus,BATCH6184,247.31
Drug_299,Allergy,767,247474000000,111,BioCare,BATCH9547,288.45
Drug_300,Pain Relief,860,446414000000,186,BioCare,BATCH1234,493.39
Drug_301,Autoimmune Disorder,758,131720000000,111,HealthPlus,BATCH2548,124.71
Drug_302,Blood Pressure,860,760058000000,240,PharmaCorp,BATCH8480,101.49
Drug_303,Inflammation,1002,483715000000,124,HealthPlus,BATCH5213,53.92
Drug_304,Cholesterol,810,792609000000,144,CureWell,BATCH2673,120.01
Drug_305,Infection,782,548807000000,221,BioCare,BATCH7708,143.27
Drug_306,Skin Infection,766,940495000000,246,MediLife,BATCH8982,333.76
Drug_307,Fever,997,770183000000,154,CureWell,BATCH3100,148.87
Drug_308,Skin Infection,896,801875000000,199,BioCare,BATCH4748,59.23
Drug_309,Blood Clot Prevention,741,190055000000,272,HealthPlus,BATCH4173,421.98
Drug_310,Acidity,743,690229000000,235,CureWell,BATCH2815,214.52
Drug_311,Mental Health,1014,961435000000,218,BioCare,BATCH4841,209.16
Drug_312,Mental Health,908,922812000000,152,PharmaCorp,BATCH9016,186.12
Drug_313,Autoimmune Disorder,1005,859057000000,282,PharmaCorp,BATCH8011,488.92
Drug_314,Respiratory Infection,977,998722000000,131,MediLife,BATCH5493,126.55
Drug_315,Heart Health,934,752264000000,150,BioCare,BATCH1674,454.21
Drug_316,Fever,766,914162000000,143,PharmaCorp,BATCH9088,399.56
Drug_317,Allergy,876,255644000000,181,HealthPlus,BATCH9578,84.42
Drug_318,Allergy,1013,583956000000,297,BioCare,BATCH3158,494.03
Drug_319,Seizures,923,154717000000,245,HealthPlus,BATCH3661,172.11
Drug_320,Seizures,956,548299000000,249,HealthPlus,BATCH3064,94.36
Drug_321,Respiratory Infection,809,171014000000,136,PharmaCorp,BATCH4253,423.19
Drug_322,Cholesterol,734,364126000000,195,BioCare,BATCH5979,368
Drug_323,Mental Health,1013,578415000000,155,CureWell,BATCH8703,327.75
Drug_324,Skin Infection,818,466351000000,204,PharmaCorp,BATCH9931,120.19
Drug_325,Autoimmune Disorder,930,899293000000,158,PharmaCorp,BATCH2401,265.32
Drug_326,Bacterial Infection,803,856144000000,230,BioCare,BATCH4259,401.25
Drug_327,Respiratory Infection,792,701117000000,255,BioCare,BATCH4923,186.63
Drug_328,Skin Infection,754,423647000000,134,HealthPlus,BATCH5214,190.26
Drug_329,Mental Health,991,954513000000,288,BioCare,BATCH4227,51.41
Drug_330,Respiratory Infection,824,983375000000,192,HealthPlus,BATCH3745,128.41
Drug_331,Autoimmune Disorder,879,647533000000,281,PharmaCorp,BATCH7091,443.93
Drug_332,Cancer,930,454305000000,290,MediLife,BATCH4866,248.79
Drug_333,Throat Infection,795,572804000000,196,CureWell,BATCH6818,492.91
Drug_334,Blood Pressure,1043,598610000000,234,PharmaCorp,BATCH3222,228.07
Drug_335,Acidity,1053,523494000000,175,BioCare,BATCH3792,371.83
Drug_336,Inflammation,962,205457000000,148,CureWell,BATCH5063,176.86
Drug_337,Skin Infection,931,624900000000,193,MediLife,BATCH2524,213.71
Drug_338,Mental Health,879,747601000000,258,MediLife,BATCH9224,135.83
Drug_339,Cancer,1030,341005000000,285,HealthPlus,BATCH7198,206.18
Drug_340,Blood Pressure,1032,567855000000,288,CureWell,BATCH5025,296.26
Drug_341,Infection,963,280278000000,123,HealthPlus,BATCH3566,496.3
Drug_342,Mental Health,783,817242000000,247,PharmaCorp,BATCH3803,348.89
Drug_343,Skin Infection,1095,670101000000,136,CureWell,BATCH4709,139.66
Drug_344,Heart Health,856,726931000000,103,PharmaCorp,BATCH7155,70.23
Drug_345,Inflammation,819,425078000000,207,HealthPlus,BATCH1719,106.86
Drug_346,Pain Relief,877,417127000000,225,CureWell,BATCH7516,303.15
Drug_347,Respiratory Infection,999,127600000000,119,HealthPlus,BATCH5579,394.32
Drug_348,Seizures,1080,702251000000,287,CureWell,BATCH1972,473.19
Drug_349,Acidity,945,827553000000,251,HealthPlus,BATCH4718,57.12
Drug_350,Respiratory Infection,868,864040000000,149,MediLife,BATCH8395,285.24
Drug_351,Skin Infection,896,620321000000,276,HealthPlus,BATCH5402,261.89
Drug_352,Cholesterol,926,119385000000,278,MediLife,BATCH5552,345.22
Drug_353,Diabetes,968,805376000000,195,HealthPlus,BATCH3207,301.81
Drug_354,Autoimmune Disorder,936,454684000000,204,CureWell,BATCH5426,359.17
Drug_355,Seizures,1051,378659000000,263,CureWell,BATCH7919,346.14
Drug_356,Pain Relief,769,664145000000,216,CureWell,BATCH9835,102.66
Drug_357,Acidity,997,399394000000,197,BioCare,BATCH9386,409.87
Drug_358,Thyroid,1052,780674000000,165,PharmaCorp,BATCH9680,105.45
Drug_359,Cancer,896,909077000000,178,CureWell,BATCH3204,364.34
Drug_360,Skin Infection,807,880417000000,261,MediLife,BATCH6345,237.27
Drug_361,Throat Infection,1067,487615000000,263,CureWell,BATCH4276,281.23
Drug_362,Pain Relief,853,483671000000,105,BioCare,BATCH2102,456.48
Drug_363,Mental Health,760,265075000000,138,MediLife,BATCH6243,450.45
Drug_364,Diabetes,1020,934313000000,269,BioCare,BATCH7614,418.04
Drug_365,Cancer,776,703036000000,214,MediLife,BATCH9707,279.57
Drug_366,Fever,803,347996000000,285,HealthPlus,BATCH6223,381.31
Drug_367,Infection,868,361232000000,224,PharmaCorp,BATCH9584,280.8
Drug_368,Skin Infection,903,549873000000,111,PharmaCorp,BATCH1630,441.32
Drug_369,Infection,1013,102925000000,230,BioCare,BATCH7683,231.25
Drug_370,Thyroid,744,977193000000,117,PharmaCorp,BATCH1277,486.61
Drug_371,Diabetes,915,913468000000,139,BioCare,BATCH1232,469.55
Drug_372,Seizures,941,918096000000,120,BioCare,BATCH6690,383.72
Drug_373,Heart Health,937,581392000000,242,BioCare,BATCH8659,175.74
Drug_374,Heart Health,796,338493000000,198,PharmaCorp,BATCH1025,109.24
Drug_375,Blood Clot Prevention,1084,810544000000,125,BioCare,BATCH8468,434.62
Drug_376,Infection,839,674676000000,107,PharmaCorp,BATCH7410,124.39
Drug_377,Blood Pressure,764,288884000000,199,BioCare,BATCH9652,434.42
Drug_378,Heart Health,1050,785288000000,186,CureWell,BATCH4764,270.84
Drug_379,Pain Relief,853,359084000000,141,BioCare,BATCH7599,232.95
Drug_380,Inflammation,887,735842000000,271,MediLife,BATCH6102,456.44
Drug_381,Fever,836,606482000000,113,BioCare,BATCH8006,321.73
Drug_382,Infection,951,971531000000,177,HealthPlus,BATCH4483,309.48
Drug_383,Bacterial Infection,1060,181928000000,101,BioCare,BATCH2994,301.44
Drug_384,Cholesterol,1054,723484000000,218,MediLife,BATCH9682,217.03
Drug_385,Blood Pressure,790,157099000000,136,MediLife,BATCH2072,403.54
Drug_386,Bacterial Infection,1055,782882000000,168,PharmaCorp,BATCH7707,163.76
Drug_387,Seizures,906,601209000000,265,CureWell,BATCH1215,472.5
Drug_388,Skin Infection,1015,604161000000,140,BioCare,BATCH8605,452.29
Drug_389,Allergy,960,717346000000,161,PharmaCorp,BATCH3606,201.87
Drug_390,Skin Infection,809,894205000000,159,CureWell,BATCH9350,378.26
Drug_391,Seizures,999,151362000000,224,BioCare,BATCH5781,307.95
Drug_392,Mental Health,947,956393000000,210,HealthPlus,BATCH4313,201.94
Drug_393,Diabetes,971,972337000000,113,BioCare,BATCH8763,494.83
Drug_394,Bacterial Infection,1011,767162000000,183,MediLife,BATCH6939,61.36
Drug_395,Autoimmune Disorder,784,130794000000,229,MediLife,BATCH3295,163.69
Drug_396,Blood Clot Prevention,832,493620000000,169,HealthPlus,BATCH6685,284.03
Drug_397,Cancer,1002,483920000000,244,PharmaCorp,BATCH2696,284.88
Drug_398,Blood Pressure,928,895554000000,222,CureWell,BATCH2946,315.02
Drug_399,Thyroid,800,861351000000,188,BioCare,BATCH3783,388.25
Drug_400,Respiratory Infection,956,272915000000,127,MediLife,BATCH4644,330.57
Drug_401,Infection,891,922285000000,165,PharmaCorp,BATCH6241,320.13
Drug_402,Cancer,1001,719677000000,262,HealthPlus,BATCH7420,74.08
Drug_403,Pain Relief,883,788961000000,104,MediLife,BATCH8557,219.44
Drug_404,Fever,996,770587000000,292,HealthPlus,BATCH3645,154.43
Drug_405,Allergy,979,293601000000,267,BioCare,BATCH7589,169.42
Drug_406,Mental Health,836,449682000000,283,CureWell,BATCH7353,299.45
Drug_407,Blood Clot Prevention,950,301516000000,263,MediLife,BATCH2932,139.78
Drug_408,Heart Health,833,929284000000,144,MediLife,BATCH2757,182.28
Drug_409,Inflammation,776,339988000000,250,BioCare,BATCH6085,156.69
Drug_410,Infection,996,564564000000,146,PharmaCorp,BATCH6637,476.83
Drug_411,Throat Infection,912,608572000000,130,CureWell,BATCH2116,475.1
Drug_412,Seizures,873,240779000000,238,MediLife,BATCH1492,324.47
Drug_413,Thyroid,972,376941000000,109,CureWell,BATCH9811,466.04
Drug_414,Pain Relief,921,857532000000,294,MediLife,BATCH8888,403.62
Drug_415,Cancer,856,463997000000,217,CureWell,BATCH7474,315.48
Drug_416,Infection,1036,367976000000,113,HealthPlus,BATCH5958,52.9
Drug_417,Respiratory Infection,998,468633000000,179,MediLife,BATCH3743,397.63
Drug_418,Mental Health,922,214113000000,192,CureWell,BATCH8866,366.12
Drug_419,Mental Health,874,976446000000,109,PharmaCorp,BATCH8160,326.86
Drug_420,Acidity,1064,516770000000,175,HealthPlus,BATCH6451,392.19
Drug_421,Cholesterol,849,521482000000,193,HealthPlus,BATCH6258,280.81
Drug_422,Respiratory Infection,1057,649815000000,204,PharmaCorp,BATCH9548,366.84
Drug_423,Pain Relief,1016,124446000000,100,CureWell,BATCH8186,470.83
Drug_424,Inflammation,734,995648000000,232,BioCare,BATCH7102,219.11
Drug_425,Cancer,994,506948000000,119,PharmaCorp,BATCH1619,368.65
Drug_426,Allergy,823,537714000000,107,CureWell,BATCH1882,264.06
Drug_427,Cholesterol,955,875607000000,270,PharmaCorp,BATCH9988,353.48
Drug_428,Cancer,901,807626000000,100,PharmaCorp,BATCH4642,393.3
Drug_429,Fever,1001,964911000000,156,MediLife,BATCH2296,70.45
Drug_430,Cholesterol,1074,719511000000,163,CureWell,BATCH9436,340.97
Drug_431,Infection,737,431593000000,217,BioCare,BATCH3895,152.03
Drug_432,Pain Relief,791,569231000000,127,MediLife,BATCH7593,351.51
Drug_433,Acidity,745,315928000000,220,PharmaCorp,BATCH1929,260.75
Drug_434,Acidity,1080,977063000000,206,PharmaCorp,BATCH6366,398.1
Drug_435,Allergy,1019,915521000000,264,PharmaCorp,BATCH9711,105.53
Drug_436,Bacterial Infection,937,584288000000,274,CureWell,BATCH4212,331.85
Drug_437,Diabetes,912,233345000000,264,CureWell,BATCH3409,175.31
Drug_438,Skin Infection,942,491996000000,148,MediLife,BATCH9199,433.84
Drug_439,Heart Health,833,405038000000,219,BioCare,BATCH4423,467.77
Drug_440,Throat Infection,912,759270000000,143,MediLife,BATCH7976,498.38
Drug_441,Bacterial Infection,776,793535000000,155,HealthPlus,BATCH8594,408.2
Drug_442,Mental Health,755,606082000000,255,PharmaCorp,BATCH6158,389.18
Drug_443,Infection,736,625308000000,210,PharmaCorp,BATCH4667,146.98
Drug_444,Infection,809,150751000000,233,PharmaCorp,BATCH6973,201.2
Drug_445,Blood Pressure,1058,331791000000,207,MediLife,BATCH7236,259.56
Drug_446,Skin Infection,849,667315000000,288,MediLife,BATCH9277,398.02
Drug_447,Seizures,792,343052000000,247,PharmaCorp,BATCH3468,461.73
Drug_448,Fever,827,578803000000,213,MediLife,BATCH7217,135.11
Drug_449,Diabetes,931,299375000000,177,CureWell,BATCH4619,465.07
Drug_450,Autoimmune Disorder,749,988133000000,229,CureWell,BATCH2636,363.03
Drug_451,Bacterial Infection,935,463523000000,300,MediLife,BATCH9155,324.85
Drug_452,Pain Relief,897,382631000000,136,PharmaCorp,BATCH4583,139.93
Drug_453,Thyroid,923,868383000000,119,MediLife,BATCH5009,74.99
Drug_454,Autoimmune Disorder,853,811321000000,125,MediLife,BATCH4326,305.81
Drug_455,Blood Clot Prevention,1084,261526000000,128,MediLife,BATCH9148,343.18
Drug_456,Thyroid,746,519346000000,100,HealthPlus,BATCH3217,144.85
Drug_457,Bacterial Infection,924,226937000000,218,CureWell,BATCH5967,300.41
Drug_458,Fever,769,486938000000,134,BioCare,BATCH3369,435.42
Drug_459,Pain Relief,903,919164000000,297,BioCare,BATCH4638,425.78
Drug_460,Infection,1048,321395000000,158,HealthPlus,BATCH6722,467.31
Drug_461,Inflammation,1006,810606000000,168,MediLife,BATCH5444,214.65
Drug_462,Heart Health,979,317745000000,260,HealthPlus,BATCH8618,193.12
Drug_463,Throat Infection,1036,670357000000,278,HealthPlus,BATCH4947,387.24
Drug_464,Thyroid,1071,664614000000,111,PharmaCorp,BATCH2676,244
Drug_465,Mental Health,1013,889596000000,119,CureWell,BATCH2196,89.4
Drug_466,Pain Relief,984,416835000000,280,BioCare,BATCH3787,177.26
Drug_467,Blood Pressure,814,244400000000,142,MediLife,BATCH8432,238.36
Drug_468,Cancer,890,324830000000,225,BioCare,BATCH8927,181.63
Drug_469,Infection,1002,977072000000,149,BioCare,BATCH4318,199.49
Drug_470,Blood Clot Prevention,1064,591934000000,128,CureWell,BATCH9858,182.2
Drug_471,Bacterial Infection,877,884196000000,284,BioCare,BATCH7689,68.67
Drug_472,Bacterial Infection,923,505446000000,138,BioCare,BATCH3176,336.69
Drug_473,Diabetes,863,605508000000,283,HealthPlus,BATCH4743,318.78
Drug_474,Throat Infection,910,130838000000,270,CureWell,BATCH9792,344.02
Drug_475,Acidity,806,545373000000,277,PharmaCorp,BATCH5422,136.54
Drug_476,Autoimmune Disorder,1014,887747000000,250,MediLife,BATCH4824,183.04
Drug_477,Mental Health,757,936979000000,271,BioCare,BATCH3451,328.83
Drug_478,Acidity,1010,935437000000,137,MediLife,BATCH1628,319.83
Drug_479,Blood Clot Prevention,1073,499316000000,183,PharmaCorp,BATCH8778,277.85
Drug_480,Autoimmune Disorder,1088,862795000000,250,MediLife,BATCH4696,207.69
Drug_481,Acidity,1075,620652000000,227,PharmaCorp,BATCH4674,460.82
Drug_482,Cancer,1062,730595000000,225,HealthPlus,BATCH4929,202.9
Drug_483,Acidity,973,118662000000,144,BioCare,BATCH3765,255.03
Drug_484,Thyroid,1037,492335000000,151,PharmaCorp,BATCH5369,355.15
Drug_485,Respiratory Infection,779,357835000000,179,MediLife,BATCH9307,294.36
Drug_486,Allergy,934,738012000000,277,BioCare,BATCH5956,206.1
Drug_487,Seizures,875,102295000000,223,HealthPlus,BATCH1692,246.04
Drug_488,Respiratory Infection,933,486093000000,218,BioCare,BATCH4162,407.52
Drug_489,Acidity,909,242287000000,107,PharmaCorp,BATCH2105,175.16
Drug_490,Mental Health,985,432130000000,184,HealthPlus,BATCH4008,114.01
Drug_491,Mental Health,1005,290360000000,228,MediLife,BATCH3161,190.92
Drug_492,Blood Clot Prevention,813,409634000000,107,HealthPlus,BATCH9345,432.29
Drug_493,Acidity,960,618350000000,256,HealthPlus,BATCH4699,90.05
Drug_494,Inflammation,735,500106000000,195,CureWell,BATCH4786,496.26
Drug_495,Diabetes,730,367908000000,201,HealthPlus,BATCH5200,293.45
Drug_496,Fever,739,357709000000,104,HealthPlus,BATCH2913,493.18
Drug_497,Cancer,854,211104000000,185,BioCare,BATCH6520,472.55
Drug_498,Fever,837,100363000000,274,MediLife,BATCH2772,253.77
Drug_499,Pain Relief,848,583602000000,133,BioCare,BATCH3780,139.32
Drug_500,Diabetes,1040,987068000000,292,BioCare,BATCH8423,124.2
Drug_501,Pain Relief,1062,645135000000,154,PharmaCorp,BATCH3871,158
Drug_502,Throat Infection,830,564124000000,218,BioCare,BATCH1660,369.56
Drug_503,Fever,1022,156469000000,270,CureWell,BATCH7242,172.83
Drug_504,Heart Health,1078,336795000000,257,CureWell,BATCH2132,203.64
Drug_505,Fever,950,128721000000,213,PharmaCorp,BATCH1699,251.95
Drug_506,Fever,1085,576073000000,244,MediLife,BATCH8470,460.95
Drug_507,Bacterial Infection,870,160580000000,125,MediLife,BATCH7297,135.23
Drug_508,Pain Relief,750,965711000000,235,BioCare,BATCH8812,52.26
Drug_509,Allergy,1033,893885000000,146,BioCare,BATCH5557,77.04
Drug_510,Skin Infection,1011,285685000000,212,BioCare,BATCH3179,457.14
Drug_511,Acidity,948,719948000000,175,MediLife,BATCH9275,341.38
Drug_512,Blood Clot Prevention,798,389288000000,171,HealthPlus,BATCH2422,172.87
Drug_513,Infection,927,386255000000,188,CureWell,BATCH4180,129.74
Drug_514,Infection,795,565916000000,145,HealthPlus,BATCH5316,182.42
Drug_515,Cholesterol,1035,574956000000,295,HealthPlus,BATCH7696,101.66
Drug_516,Fever,1065,575611000000,132,MediLife,BATCH1614,473.69
Drug_517,Autoimmune Disorder,1015,244129000000,100,HealthPlus,BATCH5570,402.89
Drug_518,Autoimmune Disorder,1052,132584000000,246,PharmaCorp,BATCH1270,258.08
Drug_519,Allergy,1015,583461000000,130,BioCare,BATCH3468,439.23
Drug_520,Acidity,866,453814000000,241,PharmaCorp,BATCH4607,162.26
Drug_521,Cholesterol,753,823004000000,152,CureWell,BATCH4075,372.7
Drug_522,Blood Pressure,858,125339000000,147,BioCare,BATCH1289,435.26
Drug_523,Cancer,743,209984000000,168,HealthPlus,BATCH9120,210.55
Drug_524,Inflammation,815,888119000000,204,CureWell,BATCH7614,390.86
Drug_525,Inflammation,1058,565275000000,189,BioCare,BATCH4252,182.78
Drug_526,Acidity,1022,237471000000,289,HealthPlus,BATCH8415,184.49
Drug_527,Cancer,893,740918000000,293,PharmaCorp,BATCH7771,98.18
Drug_528,Throat Infection,1006,947678000000,291,BioCare,BATCH1278,248.03
Drug_529,Cancer,1066,116539000000,297,HealthPlus,BATCH1580,378.37
Drug_530,Infection,772,418205000000,162,PharmaCorp,BATCH5958,473.1
Drug_531,Pain Relief,855,365454000000,172,CureWell,BATCH9445,321.71
Drug_532,Throat Infection,1060,503966000000,260,CureWell,BATCH5276,438.41
Drug_533,Mental Health,995,335546000000,268,CureWell,BATCH8997,420.12
Drug_534,Acidity,767,270497000000,188,CureWell,BATCH5776,128
Drug_535,Skin Infection,904,254607000000,275,MediLife,BATCH1824,268.62
Drug_536,Seizures,895,381647000000,112,BioCare,BATCH4832,102.62
Drug_537,Bacterial Infection,857,112908000000,172,BioCare,BATCH9891,356.97
Drug_538,Seizures,855,675419000000,176,MediLife,BATCH6445,477.45
Drug_539,Blood Pressure,1024,583144000000,258,HealthPlus,BATCH2380,111.69
Drug_540,Mental Health,1084,868030000000,167,HealthPlus,BATCH7534,380.25
Drug_541,Respiratory Infection,1003,893360000000,197,CureWell,BATCH4156,334.51
Drug_542,Skin Infection,1009,437305000000,224,PharmaCorp,BATCH5307,312.62
Drug_543,Respiratory Infection,960,681868000000,201,HealthPlus,BATCH6634,225.55
Drug_544,Acidity,1055,868106000000,231,PharmaCorp,BATCH9575,209.81
Drug_545,Diabetes,1053,285564000000,201,BioCare,BATCH6810,70.36
Drug_546,Diabetes,1081,400510000000,118,PharmaCorp,BATCH9533,148.06
Drug_547,Thyroid,764,605565000000,297,BioCare,BATCH6934,56.83
Drug_548,Autoimmune Disorder,951,178166000000,181,MediLife,BATCH4109,311.64
Drug_549,Throat Infection,863,583312000000,240,MediLife,BATCH5082,97.63
Drug_550,Infection,815,300606000000,122,CureWell,BATCH4240,442.86
Drug_551,Inflammation,986,485550000000,182,HealthPlus,BATCH7028,285.41
Drug_552,Acidity,778,370958000000,208,CureWell,BATCH2849,364.86
Drug_553,Throat Infection,892,256793000000,174,BioCare,BATCH9497,234.89
Drug_554,Cancer,848,696708000000,228,CureWell,BATCH3749,302.26
Drug_555,Blood Pressure,907,526579000000,187,PharmaCorp,BATCH7680,474.2
Drug_556,Allergy,927,788781000000,153,BioCare,BATCH1205,87.23
Drug_557,Skin Infection,1054,862160000000,298,MediLife,BATCH8352,164.27
Drug_558,Infection,822,141011000000,188,HealthPlus,BATCH5591,400.99
Drug_559,Thyroid,790,746603000000,242,BioCare,BATCH4450,94.43
Drug_560,Cholesterol,790,835306000000,164,BioCare,BATCH8214,84.05
Drug_561,Bacterial Infection,917,154480000000,175,PharmaCorp,BATCH4811,212.69
Drug_562,Thyroid,996,654428000000,298,HealthPlus,BATCH6141,91.48
Drug_563,Cholesterol,930,375474000000,242,MediLife,BATCH9501,313.29
Drug_564,Blood Pressure,982,529508000000,248,BioCare,BATCH3708,151.82
Drug_565,Diabetes,1012,169221000000,246,BioCare,BATCH2991,453.06
Drug_566,Thyroid,1061,969616000000,159,PharmaCorp,BATCH9463,402.58
Drug_567,Skin Infection,861,751143000000,192,CureWell,BATCH4273,364.87
Drug_568,Allergy,906,499890000000,260,MediLife,BATCH5538,327.62
Drug_569,Acidity,949,309812000000,148,HealthPlus,BATCH9712,438.56
Drug_570,Infection,1014,365197000000,134,BioCare,BATCH4722,150.38
Drug_571,Skin Infection,783,434719000000,271,BioCare,BATCH4551,442.9
Drug_572,Cancer,1055,615357000000,201,MediLife,BATCH3832,405.27
Drug_573,Heart Health,828,684996000000,110,CureWell,BATCH6679,386.67
Drug_574,Acidity,886,423751000000,198,BioCare,BATCH7579,302.57
Drug_575,Heart Health,772,250008000000,299,MediLife,BATCH1152,160.81
Drug_576,Cholesterol,1059,270603000000,209,PharmaCorp,BATCH6754,240.6
Drug_577,Autoimmune Disorder,1005,740157000000,173,CureWell,BATCH3800,407.11
Drug_578,Autoimmune Disorder,960,373940000000,293,HealthPlus,BATCH6310,64.3
Drug_579,Respiratory Infection,762,408499000000,273,BioCare,BATCH3610,401.92
Drug_580,Throat Infection,876,549900000000,108,MediLife,BATCH2104,158.03
Drug_581,Respiratory Infection,850,159269000000,102,PharmaCorp,BATCH8361,114.94
Drug_582,Pain Relief,1004,228098000000,184,HealthPlus,BATCH5199,102.07
Drug_583,Blood Pressure,835,118192000000,125,MediLife,BATCH4854,62.26
Drug_584,Skin Infection,920,626708000000,171,MediLife,BATCH8263,285.61
Drug_585,Skin Infection,960,761029000000,147,HealthPlus,BATCH2914,148.22
Drug_586,Seizures,897,663999000000,293,PharmaCorp,BATCH8365,495.24
Drug_587,Mental Health,1013,480891000000,297,PharmaCorp,BATCH4072,308.5
Drug_588,Throat Infection,878,269445000000,255,CureWell,BATCH1406,112.05
Drug_589,Bacterial Infection,1021,266274000000,216,BioCare,BATCH1166,359.94
Drug_590,Diabetes,1024,159699000000,253,HealthPlus,BATCH1508,453.98
Drug_591,Cholesterol,889,867185000000,252,HealthPlus,BATCH2661,385.33
Drug_592,Diabetes,971,810988000000,111,HealthPlus,BATCH4664,84.4
Drug_593,Blood Pressure,1073,196374000000,232,PharmaCorp,BATCH4489,453.15
Drug_594,Mental Health,906,712366000000,147,BioCare,BATCH1680,407.27
Drug_595,Diabetes,935,754361000000,136,CureWell,BATCH3524,121.24
Drug_596,Infection,1076,980754000000,143,MediLife,BATCH3120,73.3
Drug_597,Mental Health,1045,543365000000,114,MediLife,BATCH6260,300.79
Drug_598,Throat Infection,940,866836000000,142,HealthPlus,BATCH5357,120.22
Drug_599,Seizures,964,866358000000,275,BioCare,BATCH2363,425.57
Drug_600,Bacterial Infection,978,672660000000,186,PharmaCorp,BATCH3292,211.25
Drug_601,Fever,1078,678663000000,169,BioCare,BATCH2538,460.8
Drug_602,Allergy,912,957678000000,145,BioCare,BATCH4408,304.56
Drug_603,Cancer,988,921055000000,207,PharmaCorp,BATCH8742,132.2
Drug_604,Fever,1046,163903000000,222,HealthPlus,BATCH9752,112.82
Drug_605,Acidity,759,772143000000,270,BioCare,BATCH2903,309.41
Drug_606,Skin Infection,836,804365000000,120,MediLife,BATCH1174,392.85
Drug_607,Diabetes,939,262145000000,250,PharmaCorp,BATCH3230,401.68
Drug_608,Heart Health,896,515353000000,206,CureWell,BATCH5287,174.09
Drug_609,Inflammation,748,882299000000,179,HealthPlus,BATCH5160,141.91
Drug_610,Cancer,880,468139000000,146,PharmaCorp,BATCH8106,57.54
Drug_611,Cancer,953,140776000000,216,CureWell,BATCH4171,355.64
Drug_612,Allergy,826,627227000000,223,CureWell,BATCH2567,84.46
Drug_613,Heart Health,803,512759000000,242,BioCare,BATCH2151,239.34
Drug_614,Heart Health,761,261218000000,124,BioCare,BATCH8619,320.76
Drug_615,Cholesterol,743,780232000000,135,BioCare,BATCH7033,471.7
Drug_616,Cancer,963,888136000000,150,PharmaCorp,BATCH9560,190.31
Drug_617,Respiratory Infection,730,772334000000,114,PharmaCorp,BATCH5946,162.4
Drug_618,Blood Pressure,882,119269000000,167,HealthPlus,BATCH9234,344.37
Drug_619,Infection,1003,299325000000,120,BioCare,BATCH2907,328.66
Drug_620,Pain Relief,750,425438000000,240,CureWell,BATCH4490,199.45
Drug_621,Autoimmune Disorder,847,654103000000,118,MediLife,BATCH3535,467.65
Drug_622,Acidity,915,506297000000,133,HealthPlus,BATCH5173,430.19
Drug_623,Fever,856,253400000000,177,PharmaCorp,BATCH2293,150.79
Drug_624,Throat Infection,1089,282961000000,224,HealthPlus,BATCH5769,157.61
Drug_625,Acidity,828,395609000000,295,HealthPlus,BATCH5796,280.54
Drug_626,Bacterial Infection,935,147069000000,216,HealthPlus,BATCH7871,398.11
Drug_627,Mental Health,1001,415004000000,151,HealthPlus,BATCH3972,69.82
Drug_628,Throat Infection,817,259890000000,126,MediLife,BATCH4922,362
Drug_629,Cancer,812,956518000000,256,BioCare,BATCH5997,341.71
Drug_630,Diabetes,868,298805000000,255,CureWell,BATCH8032,154.17
Drug_631,Autoimmune Disorder,749,295915000000,134,HealthPlus,BATCH1992,356.61
Drug_632,Infection,935,700917000000,235,HealthPlus,BATCH9112,473.08
Drug_633,Diabetes,1062,701893000000,243,HealthPlus,BATCH6287,71.05
Drug_634,Fever,757,912182000000,205,BioCare,BATCH3240,193.84
Drug_635,Throat Infection,899,575565000000,263,PharmaCorp,BATCH2476,247.18
Drug_636,Allergy,829,355950000000,257,PharmaCorp,BATCH7426,454.67
Drug_637,Fever,932,972317000000,245,MediLife,BATCH1389,483.02
Drug_638,Inflammation,772,529148000000,101,PharmaCorp,BATCH1999,249.85
Drug_639,Allergy,1075,391156000000,276,HealthPlus,BATCH2855,387.51
Drug_640,Allergy,827,611200000000,176,HealthPlus,BATCH9125,289.25
Drug_641,Cancer,961,407740000000,231,HealthPlus,BATCH9850,292
Drug_642,Infection,805,554284000000,189,MediLife,BATCH3763,175.14
Drug_643,Diabetes,952,492450000000,188,HealthPlus,BATCH4663,147.63
Drug_644,Heart Health,933,619987000000,193,PharmaCorp,BATCH5986,179.6
Drug_645,Fever,769,220707000000,106,BioCare,BATCH2481,300.35
Drug_646,Autoimmune Disorder,1044,271113000000,194,BioCare,BATCH8256,63.12
Drug_647,Allergy,870,744773000000,207,CureWell,BATCH4731,458.26
Drug_648,Throat Infection,755,294287000000,173,PharmaCorp,BATCH8262,120.33
Drug_649,Heart Health,902,736366000000,138,HealthPlus,BATCH1451,149.04
Drug_650,Respiratory Infection,779,568952000000,240,BioCare,BATCH4093,283.22
Drug_651,Blood Clot Prevention,1013,880986000000,258,PharmaCorp,BATCH1882,369.55
Drug_652,Blood Pressure,875,341945000000,170,BioCare,BATCH5408,93.08
Drug_653,Allergy,876,367626000000,290,HealthPlus,BATCH5068,192.96
Drug_654,Pain Relief,1051,332905000000,155,BioCare,BATCH4277,485.9
Drug_655,Blood Clot Prevention,990,819870000000,269,CureWell,BATCH9566,168.05
Drug_656,Diabetes,937,737284000000,288,CureWell,BATCH8951,190.87
Drug_657,Pain Relief,924,962190000000,141,BioCare,BATCH5690,426.42
Drug_658,Autoimmune Disorder,850,684999000000,283,PharmaCorp,BATCH5595,72.6
Drug_659,Cholesterol,781,872183000000,135,PharmaCorp,BATCH5559,259.08
Drug_660,Mental Health,731,600809000000,183,PharmaCorp,BATCH8291,220.83
Drug_661,Pain Relief,803,822045000000,295,BioCare,BATCH9160,192.46
Drug_662,Respiratory Infection,1003,368068000000,217,PharmaCorp,BATCH1112,178.56
Drug_663,Cholesterol,1053,206788000000,106,HealthPlus,BATCH6131,91.12
Drug_664,Fever,1039,421792000000,153,CureWell,BATCH4197,191.67
Drug_665,Cancer,882,656051000000,228,HealthPlus,BATCH1139,69.37
Drug_666,Blood Clot Prevention,977,999713000000,271,PharmaCorp,BATCH2424,401.43
Drug_667,Acidity,947,795434000000,219,HealthPlus,BATCH3949,229.2
Drug_668,Cholesterol,768,171241000000,272,PharmaCorp,BATCH4168,249.76
Drug_669,Blood Clot Prevention,1003,830286000000,205,BioCare,BATCH9708,452.12
Drug_670,Blood Clot Prevention,869,563482000000,146,HealthPlus,BATCH7043,346.12
Drug_671,Infection,1075,865570000000,222,BioCare,BATCH7989,53.63
Drug_672,Infection,802,751021000000,240,BioCare,BATCH8236,474.43
Drug_673,Blood Clot Prevention,911,951114000000,218,MediLife,BATCH7261,156.72
Drug_674,Fever,742,946254000000,249,PharmaCorp,BATCH1887,98.43
Drug_675,Pain Relief,755,475000000000,217,CureWell,BATCH4104,395.66
Drug_676,Thyroid,937,859266000000,120,PharmaCorp,BATCH1049,275.21
Drug_677,Heart Health,969,367480000000,236,CureWell,BATCH4951,245.2
Drug_678,Acidity,1088,740895000000,125,PharmaCorp,BATCH4560,162.28
Drug_679,Diabetes,1038,766633000000,108,BioCare,BATCH1018,296.36
Drug_680,Heart Health,838,954593000000,114,HealthPlus,BATCH5821,173.47
Drug_681,Mental Health,865,458454000000,109,HealthPlus,BATCH7340,455.71
Drug_682,Blood Pressure,743,858308000000,221,MediLife,BATCH9058,146.84
Drug_683,Pain Relief,1082,606208000000,220,CureWell,BATCH3606,447.96
Drug_684,Thyroid,1045,908246000000,224,CureWell,BATCH8846,301.73
Drug_685,Thyroid,952,307445000000,269,CureWell,BATCH9643,422.82
Drug_686,Fever,864,101331000000,171,BioCare,BATCH7432,370.78
Drug_687,Diabetes,881,703002000000,251,CureWell,BATCH4765,363.51
Drug_688,Cholesterol,884,627421000000,148,HealthPlus,BATCH3438,195.96
Drug_689,Throat Infection,992,235155000000,253,BioCare,BATCH7358,155.25
Drug_690,Blood Clot Prevention,1032,222943000000,190,PharmaCorp,BATCH9319,144.9
Drug_691,Diabetes,786,840357000000,136,CureWell,BATCH6941,435.74
Drug_692,Blood Pressure,737,228147000000,167,CureWell,BATCH8644,419.19
Drug_693,Blood Pressure,883,819783000000,149,PharmaCorp,BATCH5855,248.26
Drug_694,Seizures,888,174277000000,251,CureWell,BATCH7547,109.58
Drug_695,Heart Health,813,433779000000,118,PharmaCorp,BATCH8196,222.01
Drug_696,Respiratory Infection,881,849591000000,199,BioCare,BATCH6911,328.7
Drug_697,Bacterial Infection,839,931224000000,159,HealthPlus,BATCH7481,254.48
Drug_698,Bacterial Infection,918,587466000000,266,PharmaCorp,BATCH3761,401.09
Drug_699,Pain Relief,1043,811957000000,188,MediLife,BATCH5456,498.93
Drug_700,Blood Clot Prevention,901,366730000000,245,PharmaCorp,BATCH7361,136.01
Drug_701,Respiratory Infection,939,651192000000,246,CureWell,BATCH6693,256.84
Drug_702,Infection,898,770339000000,263,BioCare,BATCH6788,243.94
Drug_703,Fever,849,541322000000,282,BioCare,BATCH1201,187.02
Drug_704,Mental Health,888,234314000000,168,PharmaCorp,BATCH7160,139.14
Drug_705,Cancer,906,967143000000,274,HealthPlus,BATCH1517,79.56
Drug_706,Skin Infection,953,570413000000,148,MediLife,BATCH8737,449.2
Drug_707,Respiratory Infection,871,631720000000,207,BioCare,BATCH2988,238.93
Drug_708,Respiratory Infection,802,473572000000,260,CureWell,BATCH4802,273.6
Drug_709,Bacterial Infection,956,863933000000,218,CureWell,BATCH6808,462.62
Drug_710,Blood Pressure,1017,496889000000,248,HealthPlus,BATCH8162,399.33
Drug_711,Blood Clot Prevention,1015,377248000000,249,BioCare,BATCH7241,108.73
Drug_712,Blood Clot Prevention,990,901035000000,275,PharmaCorp,BATCH9399,304.44
Drug_713,Skin Infection,857,329090000000,136,CureWell,BATCH6633,249.01
Drug_714,Cancer,1086,387279000000,242,HealthPlus,BATCH6755,408.74
Drug_715,Cancer,898,514708000000,262,BioCare,BATCH7309,375.9
Drug_716,Inflammation,1031,794949000000,298,BioCare,BATCH5117,360.68
Drug_717,Fever,759,512268000000,259,BioCare,BATCH9345,203.25
Drug_718,Throat Infection,1095,433303000000,110,BioCare,BATCH2518,412.23
Drug_719,Skin Infection,1048,614567000000,237,BioCare,BATCH7163,73.58
Drug_720,Fever,768,941575000000,300,CureWell,BATCH3600,121.83
Drug_721,Bacterial Infection,922,804981000000,177,HealthPlus,BATCH3195,201.03
Drug_722,Bacterial Infection,855,851993000000,176,BioCare,BATCH4554,84.56
Drug_723,Mental Health,781,128490000000,284,MediLife,BATCH3849,155.75
Drug_724,Bacterial Infection,900,128930000000,252,MediLife,BATCH2742,423.57
Drug_725,Allergy,887,747888000000,101,HealthPlus,BATCH2306,476.71
Drug_726,Inflammation,1007,727593000000,163,PharmaCorp,BATCH4849,187.07
Drug_727,Cancer,753,636340000000,134,PharmaCorp,BATCH8519,169.03
Drug_728,Acidity,775,253085000000,106,PharmaCorp,BATCH5195,175.95
Drug_729,Throat Infection,775,906182000000,184,MediLife,BATCH6178,174.97
Drug_730,Mental Health,1014,108206000000,245,PharmaCorp,BATCH3555,66.17
Drug_731,Diabetes,989,300252000000,166,CureWell,BATCH3305,467.11
Drug_732,Infection,915,732803000000,141,BioCare,BATCH8619,146.16
Drug_733,Allergy,1044,655610000000,217,MediLife,BATCH3642,239
Drug_734,Heart Health,1028,700568000000,224,HealthPlus,BATCH7409,54.36
Drug_735,Thyroid,800,118662000000,266,HealthPlus,BATCH5757,436.08
Drug_736,Cholesterol,879,811993000000,268,BioCare,BATCH3994,379.02
Drug_737,Throat Infection,983,835382000000,123,MediLife,BATCH9751,476.04
Drug_738,Mental Health,919,468421000000,287,PharmaCorp,BATCH2271,401.73
Drug_739,Blood Clot Prevention,878,199275000000,145,PharmaCorp,BATCH2813,191.17
Drug_740,Throat Infection,839,965718000000,118,CureWell,BATCH9801,161.54
Drug_741,Infection,897,615333000000,167,CureWell,BATCH3461,363.97
Drug_742,Inflammation,983,646243000000,201,PharmaCorp,BATCH5120,213.85
Drug_743,Mental Health,981,995435000000,141,HealthPlus,BATCH7124,304.8
Drug_744,Respiratory Infection,991,591827000000,131,HealthPlus,BATCH9475,52.82
Drug_745,Allergy,1043,159020000000,266,CureWell,BATCH5396,77.85
Drug_746,Thyroid,1024,270505000000,208,BioCare,BATCH1816,290.92
Drug_747,Mental Health,869,539023000000,135,PharmaCorp,BATCH8304,304.73
Drug_748,Thyroid,913,113453000000,196,CureWell,BATCH8331,388.15
Drug_749,Infection,950,898437000000,263,CureWell,BATCH1082,109.38
Drug_750,Acidity,734,566825000000,230,PharmaCorp,BATCH2920,280.93
Drug_751,Autoimmune Disorder,1022,421361000000,172,PharmaCorp,BATCH8817,137.5
Drug_752,Pain Relief,846,725045000000,235,HealthPlus,BATCH3093,91.94
Drug_753,Respiratory Infection,831,464278000000,196,BioCare,BATCH8071,234.72
Drug_754,Cholesterol,899,527341000000,222,BioCare,BATCH8967,123.5
Drug_755,Fever,818,808958000000,169,PharmaCorp,BATCH9367,149.8
Drug_756,Blood Clot Prevention,888,170460000000,268,MediLife,BATCH6285,192.9
Drug_757,Cancer,772,754972000000,295,CureWell,BATCH5937,166.72
Drug_758,Heart Health,944,622784000000,112,CureWell,BATCH1369,89.42
Drug_759,Bacterial Infection,925,469825000000,148,PharmaCorp,BATCH2818,90.46
Drug_760,Throat Infection,797,551573000000,159,MediLife,BATCH3101,136.96
Drug_761,Diabetes,931,341663000000,229,HealthPlus,BATCH4490,72.75
Drug_762,Pain Relief,908,674375000000,287,PharmaCorp,BATCH2779,331.91
Drug_763,Acidity,763,818336000000,104,PharmaCorp,BATCH8674,179.3
Drug_764,Allergy,973,149964000000,271,CureWell,BATCH2364,175.89
Drug_765,Pain Relief,810,952866000000,126,PharmaCorp,BATCH8294,199.4
Drug_766,Diabetes,950,842334000000,259,PharmaCorp,BATCH4676,348.26
Drug_767,Inflammation,735,758867000000,248,PharmaCorp,BATCH3426,441.79
Drug_768,Pain Relief,921,621504000000,107,CureWell,BATCH9264,391.59
Drug_769,Thyroid,1013,372103000000,299,HealthPlus,BATCH9089,377.39
Drug_770,Fever,1033,556058000000,149,HealthPlus,BATCH3962,267.98
Drug_771,Heart Health,1092,315136000000,166,PharmaCorp,BATCH1859,362.21
Drug_772,Heart Health,779,253635000000,143,CureWell,BATCH5138,298.74
Drug_773,Pain Relief,895,207667000000,224,HealthPlus,BATCH3424,147.31
Drug_774,Fever,789,739250000000,157,HealthPlus,BATCH5017,143.86
Drug_775,Fever,914,269381000000,102,HealthPlus,BATCH9560,183.38
Drug_776,Diabetes,762,584135000000,185,CureWell,BATCH9342,459.86
Drug_777,Cholesterol,989,265830000000,169,CureWell,BATCH2134,296.34
Drug_778,Bacterial Infection,1024,518315000000,229,PharmaCorp,BATCH6166,380.26
Drug_779,Mental Health,1032,576544000000,271,BioCare,BATCH6119,205.95
Drug_780,Throat Infection,892,394135000000,101,HealthPlus,BATCH6694,233.47
Drug_781,Thyroid,1057,238598000000,201,BioCare,BATCH7136,106.5
Drug_782,Blood Pressure,950,252642000000,134,CureWell,BATCH6485,127.08
Drug_783,Cholesterol,1072,732056000000,197,CureWell,BATCH5164,422.31
Drug_784,Seizures,853,915852000000,129,CureWell,BATCH3346,313.18
Drug_785,Seizures,791,564521000000,215,BioCare,BATCH6039,201.89
Drug_786,Diabetes,797,759167000000,107,CureWell,BATCH5897,411.28
Drug_787,Seizures,891,960503000000,249,PharmaCorp,BATCH9252,160.93
Drug_788,Cholesterol,951,170492000000,143,CureWell,BATCH6041,489.21
Drug_789,Pain Relief,763,832714000000,285,MediLife,BATCH4901,205.17
Drug_790,Blood Clot Prevention,778,278068000000,135,BioCare,BATCH2337,201.79
Drug_791,Heart Health,730,263535000000,296,MediLife,BATCH2184,190.36
Drug_792,Bacterial Infection,908,658680000000,176,CureWell,BATCH5426,104.95
Drug_793,Bacterial Infection,972,838596000000,130,PharmaCorp,BATCH2551,100.01
Drug_794,Diabetes,942,517055000000,146,HealthPlus,BATCH2629,341.65
Drug_795,Acidity,860,178661000000,154,CureWell,BATCH2526,443.8
Drug_796,Cancer,943,288151000000,205,PharmaCorp,BATCH2361,405.73
Drug_797,Cholesterol,808,910847000000,289,BioCare,BATCH5370,113.5
Drug_798,Thyroid,805,416499000000,257,MediLife,BATCH6283,295.51
Drug_799,Seizures,839,334167000000,220,MediLife,BATCH8610,97.52
Drug_800,Blood Clot Prevention,948,297941000000,154,MediLife,BATCH2993,70.38
Drug_801,Blood Pressure,743,366108000000,243,BioCare,BATCH1869,345.37
Drug_802,Mental Health,960,132809000000,111,PharmaCorp,BATCH2014,290.82
Drug_803,Heart Health,906,738915000000,244,BioCare,BATCH1602,86.91
Drug_804,Bacterial Infection,1053,605248000000,243,MediLife,BATCH1690,65.72
Drug_805,Infection,865,950320000000,239,CureWell,BATCH9685,495.39
Drug_806,Mental Health,994,206959000000,235,HealthPlus,BATCH1489,63.51
Drug_807,Cholesterol,863,480735000000,102,BioCare,BATCH7864,250.04
Drug_808,Acidity,987,712863000000,243,BioCare,BATCH8240,277.08
Drug_809,Skin Infection,897,757352000000,129,PharmaCorp,BATCH8786,102.78
Drug_810,Allergy,730,566734000000,122,PharmaCorp,BATCH9024,126.08
Drug_811,Throat Infection,926,297758000000,191,BioCare,BATCH1294,208.31
Drug_812,Skin Infection,747,141181000000,214,MediLife,BATCH6488,392.75
Drug_813,Acidity,1055,954696000000,203,HealthPlus,BATCH5027,278.19
Drug_814,Thyroid,964,746632000000,217,PharmaCorp,BATCH3912,337.06
Drug_815,Allergy,877,156352000000,104,MediLife,BATCH5744,493.33
Drug_816,Blood Pressure,968,601356000000,203,CureWell,BATCH2873,395.6
Drug_817,Skin Infection,791,684943000000,207,PharmaCorp,BATCH4258,245.46
Drug_818,Seizures,930,852114000000,164,MediLife,BATCH3817,250.9
Drug_819,Bacterial Infection,961,451092000000,220,MediLife,BATCH9636,328.45
Drug_820,Blood Clot Prevention,943,814919000000,129,HealthPlus,BATCH4641,349.41
Drug_821,Heart Health,986,725014000000,248,HealthPlus,BATCH5458,275.32
Drug_822,Autoimmune Disorder,1015,171512000000,183,CureWell,BATCH6307,340.19
Drug_823,Throat Infection,830,780171000000,297,MediLife,BATCH9933,60.59
Drug_824,Autoimmune Disorder,1048,905225000000,249,MediLife,BATCH3041,243.33
Drug_825,Pain Relief,818,520413000000,299,HealthPlus,BATCH1679,175.52
Drug_826,Thyroid,824,256896000000,131,PharmaCorp,BATCH6738,108.13
Drug_827,Autoimmune Disorder,884,819154000000,260,PharmaCorp,BATCH6668,94.8
Drug_828,Acidity,1027,883421000000,115,BioCare,BATCH8697,321.44
Drug_829,Autoimmune Disorder,798,562020000000,137,HealthPlus,BATCH9033,285.62
Drug_830,Blood Pressure,748,163583000000,241,BioCare,BATCH1062,164.11
Drug_831,Inflammation,810,497979000000,135,HealthPlus,BATCH8829,261.93
Drug_832,Skin Infection,765,756004000000,250,CureWell,BATCH8352,271.5
Drug_833,Throat Infection,789,999882000000,213,MediLife,BATCH7915,137.75
Drug_834,Thyroid,785,166258000000,165,CureWell,BATCH9326,343.44
Drug_835,Diabetes,970,829615000000,204,HealthPlus,BATCH4644,401.41
Drug_836,Infection,807,638664000000,184,MediLife,BATCH5970,406.16
Drug_837,Cholesterol,785,333912000000,101,PharmaCorp,BATCH9003,321.11
Drug_838,Allergy,965,830103000000,300,PharmaCorp,BATCH4278,280.24
Drug_839,Heart Health,763,774311000000,292,BioCare,BATCH8296,77.45
Drug_840,Acidity,1042,702945000000,174,HealthPlus,BATCH4074,179.52
Drug_841,Diabetes,818,786905000000,166,HealthPlus,BATCH9312,91.97
Drug_842,Autoimmune Disorder,857,263249000000,279,PharmaCorp,BATCH8552,483.72
Drug_843,Cancer,790,912129000000,289,CureWell,BATCH2637,110.79
Drug_844,Cholesterol,765,892768000000,250,MediLife,BATCH6103,118.3
Drug_845,Blood Clot Prevention,843,887146000000,253,CureWell,BATCH1644,450.31
Drug_846,Autoimmune Disorder,762,139049000000,295,CureWell,BATCH3032,474.77
Drug_847,Allergy,803,754280000000,154,PharmaCorp,BATCH3761,394.62
Drug_848,Infection,929,540331000000,105,PharmaCorp,BATCH3068,52.43
Drug_849,Blood Clot Prevention,1022,670081000000,262,PharmaCorp,BATCH1241,50.61
Drug_850,Cancer,1085,110597000000,249,BioCare,BATCH3668,220.15
Drug_851,Mental Health,983,706866000000,270,CureWell,BATCH1802,114.53
Drug_852,Throat Infection,957,777973000000,242,HealthPlus,BATCH6059,58.27
Drug_853,Autoimmune Disorder,1053,390836000000,185,MediLife,BATCH1195,258.83
Drug_854,Thyroid,967,914279000000,159,BioCare,BATCH3187,474.38
Drug_855,Throat Infection,933,754026000000,200,HealthPlus,BATCH3330,195.72
Drug_856,Cancer,1048,928544000000,111,CureWell,BATCH5841,347.51
Drug_857,Skin Infection,923,409708000000,148,PharmaCorp,BATCH4606,343.51
Drug_858,Fever,849,307840000000,141,CureWell,BATCH9468,162.99
Drug_859,Acidity,779,474197000000,265,MediLife,BATCH1060,342.69
Drug_860,Blood Clot Prevention,757,701108000000,181,BioCare,BATCH4927,145.55
Drug_861,Cancer,1027,358810000000,272,BioCare,BATCH7296,104.9
Drug_862,Skin Infection,775,832672000000,134,MediLife,BATCH3591,365.62
Drug_863,Allergy,777,950328000000,257,HealthPlus,BATCH9758,101.05
Drug_864,Blood Pressure,931,889777000000,257,HealthPlus,BATCH7121,498.61
Drug_865,Inflammation,754,295854000000,233,BioCare,BATCH2200,132.55
Drug_866,Mental Health,924,146831000000,166,BioCare,BATCH3854,317.36
Drug_867,Infection,1072,430666000000,179,PharmaCorp,BATCH8024,235.12
Drug_868,Diabetes,856,756028000000,106,HealthPlus,BATCH7972,106.87
Drug_869,Cancer,955,319322000000,279,MediLife,BATCH1136,62.53
Drug_870,Cholesterol,857,350833000000,113,HealthPlus,BATCH2029,330.23
Drug_871,Throat Infection,904,734959000000,172,PharmaCorp,BATCH3594,413.04
Drug_872,Thyroid,873,367278000000,242,BioCare,BATCH8206,428.91
Drug_873,Blood Clot Prevention,1030,601784000000,248,BioCare,BATCH1661,267.22
Drug_874,Bacterial Infection,934,413734000000,262,PharmaCorp,BATCH3472,399.85
Drug_875,Fever,946,112138000000,165,MediLife,BATCH1086,352.78
Drug_876,Fever,1039,124914000000,190,BioCare,BATCH7219,375.91
Drug_877,Throat Infection,898,119885000000,229,CureWell,BATCH9143,271.67
Drug_878,Seizures,996,298498000000,262,BioCare,BATCH7968,335.04
Drug_879,Mental Health,872,858140000000,119,CureWell,BATCH3773,412.49
Drug_880,Blood Pressure,1012,523472000000,109,PharmaCorp,BATCH2700,229.05
Drug_881,Blood Pressure,967,621946000000,124,PharmaCorp,BATCH3700,412.69
Drug_882,Respiratory Infection,767,358816000000,293,BioCare,BATCH7815,316.41
Drug_883,Infection,1088,862319000000,124,HealthPlus,BATCH2647,124.66
Drug_884,Mental Health,1050,366272000000,153,CureWell,BATCH7038,61.11
Drug_885,Cholesterol,814,784890000000,132,MediLife,BATCH6164,213.24
Drug_886,Fever,981,614313000000,263,BioCare,BATCH6520,296.01
Drug_887,Blood Pressure,919,413081000000,194,MediLife,BATCH4687,427.92
Drug_888,Cholesterol,1008,709285000000,113,BioCare,BATCH1596,107.37
Drug_889,Cholesterol,812,518576000000,164,HealthPlus,BATCH5545,410.09
Drug_890,Heart Health,786,548357000000,209,HealthPlus,BATCH9676,438.35
Drug_891,Acidity,879,384640000000,179,HealthPlus,BATCH9837,117.81
Drug_892,Cholesterol,757,684306000000,153,HealthPlus,BATCH5757,433.22
Drug_893,Cancer,1010,756495000000,224,PharmaCorp,BATCH5384,496.15
Drug_894,Acidity,868,422275000000,279,PharmaCorp,BATCH9912,377.08
Drug_895,Blood Pressure,832,135773000000,230,CureWell,BATCH5733,403.15
Drug_896,Thyroid,1052,271505000000,268,MediLife,BATCH8081,497.49
Drug_897,Allergy,794,120338000000,233,BioCare,BATCH9690,322.47
Drug_898,Mental Health,779,900072000000,124,BioCare,BATCH8117,188.55
Drug_899,Blood Clot Prevention,977,984785000000,240,PharmaCorp,BATCH5729,426.89
Drug_900,Acidity,884,407931000000,216,BioCare,BATCH2673,326.52
